pair,study,format,mode,requested_rows,repeat,cache_state,actual_rows,ordered_sha256,cache_bytes,cache_allocated_bytes,completed_get_body_bytes,completed_range_body_bytes,aborted_get_body_written,server_body_written,http_requests,http_aborted,first_row_s,load_s,work_s,process_wall_s,peak_rss_kib,finished_utc
http-csv-stream-n1000-r3,http,csv,stream,1000,3,empty,1000,c9b4497f632bb3acfd2879826c401593e15b3cddfb229db9a6fc5e3fbb3347eb,0,0,5505024,5505024,262144,5767168,6,2,0.706416823,0.652435638,0.710075762,1.809005138,182080,2026-10-02T09:34:55Z
http-csv-stream-n1000-r3,http,csv,stream,1000,3,reused,1000,c9b4497f632bb3acfd2879826c401593e15b3cddfb229db9a6fc5e3fbb3347eb,0,0,5505024,5505024,524288,6029312,6,2,0.724721589,0.678615472,0.728493951,1.3555951810000004,181840,2026-10-02T09:34:56Z
http-parquet-stream-n1000-r3,http,parquet,stream,1000,3,empty,1000,c9b4497f632bb3acfd2879826c401593e15b3cddfb229db9a6fc5e3fbb3347eb,0,0,37773687,37773687,65536,37839223,8,1,0.736592308,0.636789794,0.746966086,1.3551405899999995,240692,2026-10-02T09:34:57Z
http-parquet-stream-n1000-r3,http,parquet,stream,1000,3,reused,1000,c9b4497f632bb3acfd2879826c401593e15b3cddfb229db9a6fc5e3fbb3347eb,0,0,37773687,37773687,589824,38363511,8,1,0.751641001,0.657062838,0.763036915,1.4055250669999992,236624,2026-10-02T09:34:59Z
http-csv-normal-n200000-r2,http,csv,normal,200000,2,empty,200000,c2daed9a81f4661e447f371d1baa97d4d4aea7e5216e7c5bb9f81843ede0c215,158333048,158343168,78288901,0,786432,79075333,5,1,1.266867299,1.266707096,3.344461721,3.967837876999999,288092,2026-10-02T09:35:03Z
http-csv-normal-n200000-r2,http,csv,normal,200000,2,reused,200000,c2daed9a81f4661e447f371d1baa97d4d4aea7e5216e7c5bb9f81843ede0c215,158333048,158343168,0,0,1245184,1245184,3,1,0.68873641,0.688644019,2.772434782,3.364949237000001,234284,2026-10-02T09:35:06Z
http-parquet-normal-n1000-r2,http,parquet,normal,1000,2,empty,1000,c9b4497f632bb3acfd2879826c401593e15b3cddfb229db9a6fc5e3fbb3347eb,138152645,138162176,58908496,0,1048576,59957072,5,1,0.865510396,0.865407504,0.876334182,1.5078651060000006,270608,2026-10-02T09:35:08Z
http-parquet-normal-n1000-r2,http,parquet,normal,1000,2,reused,1000,c9b4497f632bb3acfd2879826c401593e15b3cddfb229db9a6fc5e3fbb3347eb,138152645,138162176,0,0,786432,786432,3,1,0.734197223,0.734109272,0.744749964,1.3046474450000005,169464,2026-10-02T09:35:09Z
http-csv-stream-n1000-r2,http,csv,stream,1000,2,empty,1000,c9b4497f632bb3acfd2879826c401593e15b3cddfb229db9a6fc5e3fbb3347eb,0,0,5505024,5505024,2031616,7536640,6,2,0.728901517,0.682983513,0.732359763,1.3051091190000008,183880,2026-10-02T09:35:11Z
http-csv-stream-n1000-r2,http,csv,stream,1000,2,reused,1000,c9b4497f632bb3acfd2879826c401593e15b3cddfb229db9a6fc5e3fbb3347eb,0,0,5505024,5505024,1835008,7340032,6,2,0.72419897,0.677690016,0.727712937,1.3074915519999983,181840,2026-10-02T09:35:12Z
http-parquet-stream-n200000-r3,http,parquet,stream,200000,3,empty,200000,c2daed9a81f4661e447f371d1baa97d4d4aea7e5216e7c5bb9f81843ede0c215,0,0,64282444,64282444,917504,65199948,9,1,0.777140154,0.686779595,2.897793225,3.5120410490000005,344604,2026-10-02T09:35:15Z
http-parquet-stream-n200000-r3,http,parquet,stream,200000,3,reused,200000,c2daed9a81f4661e447f371d1baa97d4d4aea7e5216e7c5bb9f81843ede0c215,0,0,64282444,64282444,851968,65134412,9,1,0.770170593,0.663273901,2.92136651,3.511995542000001,335860,2026-10-02T09:35:19Z
http-parquet-stream-n200000-r1,http,parquet,stream,200000,1,empty,200000,c2daed9a81f4661e447f371d1baa97d4d4aea7e5216e7c5bb9f81843ede0c215,0,0,64282444,64282444,589824,64872268,9,1,0.758639987,0.68981197,3.216819592,3.8128025989999976,334096,2026-10-02T09:35:23Z
http-parquet-stream-n200000-r1,http,parquet,stream,200000,1,reused,200000,c2daed9a81f4661e447f371d1baa97d4d4aea7e5216e7c5bb9f81843ede0c215,0,0,64282444,64282444,1048576,65331020,9,1,0.728167229,0.633449473,2.982268681,3.5833894519999987,337812,2026-10-02T09:35:26Z
hub-csv-stream-r1,hub,csv,stream,5,1,empty,5,e9251fca40be9368e122fc7980f81f00f20dc76112c75ef02da5947715f72e39,2856,8192,,,,,,,2.15454847,1.944361282,2.154590991,2.763449858999998,156668,2026-10-02T09:35:29Z
hub-csv-stream-r1,hub,csv,stream,5,1,reused,5,e9251fca40be9368e122fc7980f81f00f20dc76112c75ef02da5947715f72e39,2856,8192,,,,,,,1.884750366,1.676500598,1.884793407,2.458280045000002,156652,2026-10-02T09:35:32Z
http-parquet-normal-n1000-r1,http,parquet,normal,1000,1,empty,1000,c9b4497f632bb3acfd2879826c401593e15b3cddfb229db9a6fc5e3fbb3347eb,138152645,138162176,58908496,0,262144,59170640,5,1,0.860885035,0.860804683,0.871552663,1.4591686330000044,270744,2026-10-02T09:35:33Z
http-parquet-normal-n1000-r1,http,parquet,normal,1000,1,reused,1000,c9b4497f632bb3acfd2879826c401593e15b3cddfb229db9a6fc5e3fbb3347eb,138152645,138162176,0,0,655360,655360,3,1,0.679327319,0.679243778,0.689846234,1.254991461000003,169360,2026-10-02T09:35:35Z
http-parquet-normal-n200000-r3,http,parquet,normal,200000,3,empty,200000,c2daed9a81f4661e447f371d1baa97d4d4aea7e5216e7c5bb9f81843ede0c215,138152645,138162176,58908496,0,1179648,60088144,5,1,0.876871677,0.876790306,2.912135082,3.5159305849999996,296548,2026-10-02T09:35:38Z
http-parquet-normal-n200000-r3,http,parquet,normal,200000,3,reused,200000,c2daed9a81f4661e447f371d1baa97d4d4aea7e5216e7c5bb9f81843ede0c215,138152645,138162176,0,0,720896,720896,3,1,0.694151059,0.694071568,2.853083324,3.4617477170000015,233724,2026-10-02T09:35:42Z
http-csv-normal-n200000-r1,http,csv,normal,200000,1,empty,200000,c2daed9a81f4661e447f371d1baa97d4d4aea7e5216e7c5bb9f81843ede0c215,158333048,158343168,78288901,0,524288,78813189,5,1,1.289219203,1.289116011,3.389700425,3.9648404040000003,287948,2026-10-02T09:35:46Z
http-csv-normal-n200000-r1,http,csv,normal,200000,1,reused,200000,c2daed9a81f4661e447f371d1baa97d4d4aea7e5216e7c5bb9f81843ede0c215,158333048,158343168,0,0,983040,983040,3,1,0.691590421,0.69149911,2.70383518,3.314628672000005,234580,2026-10-02T09:35:49Z
http-csv-normal-n200000-r3,http,csv,normal,200000,3,empty,200000,c2daed9a81f4661e447f371d1baa97d4d4aea7e5216e7c5bb9f81843ede0c215,158333048,158343168,78288901,0,1048576,79337477,5,1,1.300328131,1.300247079,3.352689436,3.963702750000003,287788,2026-10-02T09:35:53Z
http-csv-normal-n200000-r3,http,csv,normal,200000,3,reused,200000,c2daed9a81f4661e447f371d1baa97d4d4aea7e5216e7c5bb9f81843ede0c215,158333048,158343168,0,0,1048576,1048576,3,1,0.707261527,0.707162696,2.703730639,3.3143473999999955,234236,2026-10-02T09:35:57Z
http-parquet-normal-n200000-r1,http,parquet,normal,200000,1,empty,200000,c2daed9a81f4661e447f371d1baa97d4d4aea7e5216e7c5bb9f81843ede0c215,138152645,138162176,58908496,0,1048576,59957072,5,1,0.84611269,0.846026408,2.891913505,3.4615460910000024,290376,2026-10-02T09:36:00Z
http-parquet-normal-n200000-r1,http,parquet,normal,200000,1,reused,200000,c2daed9a81f4661e447f371d1baa97d4d4aea7e5216e7c5bb9f81843ede0c215,138152645,138162176,0,0,786432,786432,3,1,0.678714246,0.678621045,2.729504404,3.3110022949999944,233720,2026-10-02T09:36:04Z
http-parquet-stream-n1000-r2,http,parquet,stream,1000,2,empty,1000,c9b4497f632bb3acfd2879826c401593e15b3cddfb229db9a6fc5e3fbb3347eb,0,0,37773687,37773687,1572864,39346551,8,1,0.75691703,0.657454602,0.767185515,1.3580328159999908,239132,2026-10-02T09:36:05Z
http-parquet-stream-n1000-r2,http,parquet,stream,1000,2,reused,1000,c9b4497f632bb3acfd2879826c401593e15b3cddfb229db9a6fc5e3fbb3347eb,0,0,37773687,37773687,196608,37970295,8,1,0.788690257,0.719919158,0.799147024,1.4055345929999987,238844,2026-10-02T09:36:07Z
hub-csv-normal-r1,hub,csv,normal,5,1,empty,5,e9251fca40be9368e122fc7980f81f00f20dc76112c75ef02da5947715f72e39,7890,20480,,,,,,,2.122812504,2.122723462,2.122954756,2.7094001100000042,157728,2026-10-02T09:36:09Z
hub-csv-normal-r1,hub,csv,normal,5,1,reused,5,e9251fca40be9368e122fc7980f81f00f20dc76112c75ef02da5947715f72e39,7890,20480,,,,,,,1.691774695,1.691683703,1.691987198,2.2574427459999953,155920,2026-10-02T09:36:12Z
http-parquet-normal-n1000-r3,http,parquet,normal,1000,3,empty,1000,c9b4497f632bb3acfd2879826c401593e15b3cddfb229db9a6fc5e3fbb3347eb,138152645,138162176,58908496,0,1507328,60415824,5,1,0.886766338,0.886683046,0.897471712,1.5062833530000006,270200,2026-10-02T09:36:13Z
http-parquet-normal-n1000-r3,http,parquet,normal,1000,3,reused,1000,c9b4497f632bb3acfd2879826c401593e15b3cddfb229db9a6fc5e3fbb3347eb,138152645,138162176,0,0,1310720,1310720,3,1,0.666124576,0.666036415,0.677522827,1.2579744139999889,169520,2026-10-02T09:36:15Z
http-parquet-stream-n200000-r2,http,parquet,stream,200000,2,empty,200000,c2daed9a81f4661e447f371d1baa97d4d4aea7e5216e7c5bb9f81843ede0c215,0,0,64282444,64282444,851968,65134412,9,1,0.78981959,0.691286323,3.119835958,3.7161404189999985,336160,2026-10-02T09:36:18Z
http-parquet-stream-n200000-r2,http,parquet,stream,200000,2,reused,200000,c2daed9a81f4661e447f371d1baa97d4d4aea7e5216e7c5bb9f81843ede0c215,0,0,64282444,64282444,1114112,65396556,9,1,0.745745884,0.675467899,3.069730833,3.662146364999998,338532,2026-10-02T09:36:22Z
http-parquet-stream-n1000-r1,http,parquet,stream,1000,1,empty,1000,c9b4497f632bb3acfd2879826c401593e15b3cddfb229db9a6fc5e3fbb3347eb,0,0,37773687,37773687,327680,38101367,8,1,0.757137585,0.652875945,0.768018091,1.4086802749999947,243256,2026-10-02T09:36:23Z
http-parquet-stream-n1000-r1,http,parquet,stream,1000,1,reused,1000,c9b4497f632bb3acfd2879826c401593e15b3cddfb229db9a6fc5e3fbb3347eb,0,0,37773687,37773687,983040,38756727,8,1,0.733596198,0.661566681,0.743934254,1.3557399280000055,244988,2026-10-02T09:36:25Z
hub-csv-normal-r2,hub,csv,normal,5,2,empty,5,e9251fca40be9368e122fc7980f81f00f20dc76112c75ef02da5947715f72e39,7890,20480,,,,,,,2.159478368,2.159385986,2.15962392,2.761409653000001,157764,2026-10-02T09:36:27Z
hub-csv-normal-r2,hub,csv,normal,5,2,reused,5,e9251fca40be9368e122fc7980f81f00f20dc76112c75ef02da5947715f72e39,7890,20480,,,,,,,1.6883122,1.688218028,1.688508513,2.260809527999996,155980,2026-10-02T09:36:30Z
http-csv-stream-n200000-r2,http,csv,stream,200000,2,empty,200000,c2daed9a81f4661e447f371d1baa97d4d4aea7e5216e7c5bb9f81843ede0c215,0,0,83269637,83269637,524288,83793925,21,2,0.719327242,0.675164427,1.947204506,2.5593594740000043,254124,2026-10-02T09:36:32Z
http-csv-stream-n200000-r2,http,csv,stream,200000,2,reused,200000,c2daed9a81f4661e447f371d1baa97d4d4aea7e5216e7c5bb9f81843ede0c215,0,0,83269637,83269637,1507328,84776965,21,2,0.71915813,0.682813208,1.955421339,2.6098387140000057,254292,2026-10-02T09:36:35Z
hub-csv-normal-r3,hub,csv,normal,5,3,empty,5,e9251fca40be9368e122fc7980f81f00f20dc76112c75ef02da5947715f72e39,7890,20480,,,,,,,2.114056302,2.113964631,2.114210735,2.713765525999989,157768,2026-10-02T09:36:38Z
hub-csv-normal-r3,hub,csv,normal,5,3,reused,5,e9251fca40be9368e122fc7980f81f00f20dc76112c75ef02da5947715f72e39,7890,20480,,,,,,,1.725546726,1.725454534,1.725740469,2.3095505619999983,155956,2026-10-02T09:36:40Z
http-csv-normal-n1000-r1,http,csv,normal,1000,1,empty,1000,c9b4497f632bb3acfd2879826c401593e15b3cddfb229db9a6fc5e3fbb3347eb,158333048,158343168,78288901,0,983040,79271941,5,1,1.274586201,1.274510379,1.285715068,1.8595622589999863,221488,2026-10-02T09:36:42Z
http-csv-normal-n1000-r1,http,csv,normal,1000,1,reused,1000,c9b4497f632bb3acfd2879826c401593e15b3cddfb229db9a6fc5e3fbb3347eb,158333048,158343168,0,0,1245184,1245184,3,1,0.674697275,0.674603253,0.685375075,1.2548006139999899,169668,2026-10-02T09:36:43Z
http-csv-stream-n200000-r3,http,csv,stream,200000,3,empty,200000,c2daed9a81f4661e447f371d1baa97d4d4aea7e5216e7c5bb9f81843ede0c215,0,0,83269637,83269637,2097152,85366789,21,2,0.705798964,0.662845985,1.920233127,2.508662474999994,253800,2026-10-02T09:36:46Z
http-csv-stream-n200000-r3,http,csv,stream,200000,3,reused,200000,c2daed9a81f4661e447f371d1baa97d4d4aea7e5216e7c5bb9f81843ede0c215,0,0,83269637,83269637,1441792,84711429,21,2,0.722712493,0.686055884,1.927100617,2.5097747450000014,255032,2026-10-02T09:36:48Z
http-csv-normal-n1000-r3,http,csv,normal,1000,3,empty,1000,c9b4497f632bb3acfd2879826c401593e15b3cddfb229db9a6fc5e3fbb3347eb,158333048,158343168,78288901,0,458752,78747653,5,1,1.23881471,1.238736838,1.249372797,1.8592110020000092,223440,2026-10-02T09:36:50Z
http-csv-normal-n1000-r3,http,csv,normal,1000,3,reused,1000,c9b4497f632bb3acfd2879826c401593e15b3cddfb229db9a6fc5e3fbb3347eb,158333048,158343168,0,0,983040,983040,3,1,0.723667897,0.723575735,0.73454011,1.3080954859999991,169320,2026-10-02T09:36:52Z
http-csv-normal-n1000-r2,http,csv,normal,1000,2,empty,1000,c9b4497f632bb3acfd2879826c401593e15b3cddfb229db9a6fc5e3fbb3347eb,158333048,158343168,78288901,0,786432,79075333,5,1,1.228560654,1.228490423,1.239054753,1.806411948999994,223568,2026-10-02T09:36:54Z
http-csv-normal-n1000-r2,http,csv,normal,1000,2,reused,1000,c9b4497f632bb3acfd2879826c401593e15b3cddfb229db9a6fc5e3fbb3347eb,158333048,158343168,0,0,393216,393216,3,1,0.700853895,0.700747343,0.711985174,1.3046559019999933,169600,2026-10-02T09:36:55Z
hub-csv-stream-r2,hub,csv,stream,5,2,empty,5,e9251fca40be9368e122fc7980f81f00f20dc76112c75ef02da5947715f72e39,2856,8192,,,,,,,2.075106921,1.864291948,2.075161291,2.6623884859999976,156408,2026-10-02T09:36:58Z
hub-csv-stream-r2,hub,csv,stream,5,2,reused,5,e9251fca40be9368e122fc7980f81f00f20dc76112c75ef02da5947715f72e39,2856,8192,,,,,,,1.968556666,1.76445319,1.968608297,2.5584877630000022,156680,2026-10-02T09:37:00Z
http-parquet-normal-n200000-r2,http,parquet,normal,200000,2,empty,200000,c2daed9a81f4661e447f371d1baa97d4d4aea7e5216e7c5bb9f81843ede0c215,138152645,138162176,58908496,0,327680,59236176,5,1,0.857819758,0.857723317,2.86334313,3.4610014829999898,290764,2026-10-02T09:37:04Z
http-parquet-normal-n200000-r2,http,parquet,normal,200000,2,reused,200000,c2daed9a81f4661e447f371d1baa97d4d4aea7e5216e7c5bb9f81843ede0c215,138152645,138162176,0,0,917504,917504,3,1,0.66345848,0.663342608,2.652394857,3.260828126000007,233568,2026-10-02T09:37:07Z
http-csv-stream-n1000-r1,http,csv,stream,1000,1,empty,1000,c9b4497f632bb3acfd2879826c401593e15b3cddfb229db9a6fc5e3fbb3347eb,0,0,5505024,5505024,1572864,7077888,6,2,0.736220814,0.685356703,0.739655999,1.3048979499999973,181932,2026-10-02T09:37:09Z
http-csv-stream-n1000-r1,http,csv,stream,1000,1,reused,1000,c9b4497f632bb3acfd2879826c401593e15b3cddfb229db9a6fc5e3fbb3347eb,0,0,5505024,5505024,1572864,7077888,6,2,0.711900038,0.667531729,0.715478676,1.304392336999996,182356,2026-10-02T09:37:10Z
hub-csv-stream-r3,hub,csv,stream,5,3,empty,5,e9251fca40be9368e122fc7980f81f00f20dc76112c75ef02da5947715f72e39,2856,8192,,,,,,,2.163881883,1.93626128,2.163944404,2.76000983900002,156532,2026-10-02T09:37:13Z
hub-csv-stream-r3,hub,csv,stream,5,3,reused,5,e9251fca40be9368e122fc7980f81f00f20dc76112c75ef02da5947715f72e39,2856,8192,,,,,,,1.855376502,1.642855392,1.855421342,2.4586689209999975,156832,2026-10-02T09:37:15Z
http-csv-stream-n200000-r1,http,csv,stream,200000,1,empty,200000,c2daed9a81f4661e447f371d1baa97d4d4aea7e5216e7c5bb9f81843ede0c215,0,0,83269637,83269637,1507328,84776965,21,2,0.74684722,0.700961347,1.957949468,2.5119403769999735,254644,2026-10-02T09:37:18Z
http-csv-stream-n200000-r1,http,csv,stream,200000,1,reused,200000,c2daed9a81f4661e447f371d1baa97d4d4aea7e5216e7c5bb9f81843ede0c215,0,0,83269637,83269637,983040,84252677,21,2,0.689854178,0.652691622,1.890277405,2.4606698489999985,254204,2026-10-02T09:37:20Z
